--------------------------------------------------------
--  File created - Minggu-Mei-26-2024   
--------------------------------------------------------
--------------------------------------------------------
--  DDL for Table KARYAWAN
--------------------------------------------------------

  CREATE TABLE "PANDAWA"."KARYAWAN" 
   (	"ID_KARYAWAN" NUMBER(*,0), 
	"NAMA_BELAKANG" VARCHAR2(50 BYTE), 
	"ALAMAT" VARCHAR2(50 BYTE), 
	"NOMOR_TELEPON" NUMBER(*,0), 
	"GAJI" NUMBER(*,0), 
	"JABATAN" VARCHAR2(50 BYTE)
   ) SEGMENT CREATION IMMEDIATE 
  PCTFREE 10 PCTUSED 40 INITRANS 1 MAXTRANS 255 NOCOMPRESS LOGGING
  STORAGE(INITIAL 65536 NEXT 1048576 MINEXTENTS 1 MAXEXTENTS 2147483645
  PCTINCREASE 0 FREELISTS 1 FREELIST GROUPS 1 BUFFER_POOL DEFAULT FLASH_CACHE DEFAULT CELL_FLASH_CACHE DEFAULT)
  TABLESPACE "SYSTEM" ;
--------------------------------------------------------
--  DDL for Table KATALOG_KENDARAAN
--------------------------------------------------------

  CREATE TABLE "PANDAWA"."KATALOG_KENDARAAN" 
   (	"ID_KATEGORI" NUMBER(*,0), 
	"NAMA_KATEGORI" VARCHAR2(50 CHAR), 
	"TIPE_KATEGORI" VARCHAR2(50 CHAR), 
	"STATUS_KETERSEDIAAN" VARCHAR2(50 CHAR)
   ) SEGMENT CREATION IMMEDIATE 
  PCTFREE 10 PCTUSED 40 INITRANS 1 MAXTRANS 255 NOCOMPRESS LOGGING
  STORAGE(INITIAL 65536 NEXT 1048576 MINEXTENTS 1 MAXEXTENTS 2147483645
  PCTINCREASE 0 FREELISTS 1 FREELIST GROUPS 1 BUFFER_POOL DEFAULT FLASH_CACHE DEFAULT CELL_FLASH_CACHE DEFAULT)
  TABLESPACE "SYSTEM" ;
--------------------------------------------------------
--  DDL for Table KENDARAAN
--------------------------------------------------------

  CREATE TABLE "PANDAWA"."KENDARAAN" 
   (	"ID_KENDARAAN" NUMBER(*,0), 
	"NAMA_KENDARAAN" VARCHAR2(100 BYTE), 
	"NOPOL" VARCHAR2(100 BYTE), 
	"TIPE_KENDARAAN" VARCHAR2(100 BYTE), 
	"HARGA" NUMBER(*,0), 
	"STATUS" VARCHAR2(50 CHAR), 
	"KATALOG_KENDARAAN_ID_KATEGORI" NUMBER(*,0)
   ) SEGMENT CREATION IMMEDIATE 
  PCTFREE 10 PCTUSED 40 INITRANS 1 MAXTRANS 255 NOCOMPRESS LOGGING
  STORAGE(INITIAL 65536 NEXT 1048576 MINEXTENTS 1 MAXEXTENTS 2147483645
  PCTINCREASE 0 FREELISTS 1 FREELIST GROUPS 1 BUFFER_POOL DEFAULT FLASH_CACHE DEFAULT CELL_FLASH_CACHE DEFAULT)
  TABLESPACE "SYSTEM" ;
--------------------------------------------------------
--  DDL for Table MEMBERSHIP
--------------------------------------------------------

  CREATE TABLE "PANDAWA"."MEMBERSHIP" 
   (	"ID_MEMBERSHIP" NUMBER(*,0), 
	"JENIS_MEMBERSHIP" VARCHAR2(10 BYTE), 
	"POINT_MEMEBERSHIP" NUMBER(*,0)
   ) SEGMENT CREATION IMMEDIATE 
  PCTFREE 10 PCTUSED 40 INITRANS 1 MAXTRANS 255 NOCOMPRESS LOGGING
  STORAGE(INITIAL 65536 NEXT 1048576 MINEXTENTS 1 MAXEXTENTS 2147483645
  PCTINCREASE 0 FREELISTS 1 FREELIST GROUPS 1 BUFFER_POOL DEFAULT FLASH_CACHE DEFAULT CELL_FLASH_CACHE DEFAULT)
  TABLESPACE "SYSTEM" ;
--------------------------------------------------------
--  DDL for Table PELANGGAN
--------------------------------------------------------

  CREATE TABLE "PANDAWA"."PELANGGAN" 
   (	"ID_PELANGGAN" NUMBER(*,0), 
	"NAMA_DEPAN" VARCHAR2(255 CHAR), 
	"NAMA_BELAKANG" VARCHAR2(255 CHAR), 
	"ALAMAT" VARCHAR2(255 CHAR), 
	"NOMOR_TELEPON" NUMBER(*,0), 
	"EMAIL" VARCHAR2(150 CHAR), 
	"MEMBERSHIP_ID_MEMBERSHIP" NUMBER(*,0)
   ) SEGMENT CREATION IMMEDIATE 
  PCTFREE 10 PCTUSED 40 INITRANS 1 MAXTRANS 255 NOCOMPRESS LOGGING
  STORAGE(INITIAL 65536 NEXT 1048576 MINEXTENTS 1 MAXEXTENTS 2147483645
  PCTINCREASE 0 FREELISTS 1 FREELIST GROUPS 1 BUFFER_POOL DEFAULT FLASH_CACHE DEFAULT CELL_FLASH_CACHE DEFAULT)
  TABLESPACE "SYSTEM" ;
--------------------------------------------------------
--  DDL for Table PEMBAYARAN
--------------------------------------------------------

  CREATE TABLE "PANDAWA"."PEMBAYARAN" 
   (	"ID_PEMBAYARAN" NUMBER(*,0), 
	"METODE_PEMBAYARAN" VARCHAR2(50 CHAR), 
	"TANGGAL_PEMBAYARAN" DATE, 
	"JUMLAH_PEMBAYARAN" NUMBER(*,0), 
	"PEMESANAN_ID_PEMESANAN" NUMBER(*,0)
   ) SEGMENT CREATION IMMEDIATE 
  PCTFREE 10 PCTUSED 40 INITRANS 1 MAXTRANS 255 NOCOMPRESS LOGGING
  STORAGE(INITIAL 65536 NEXT 1048576 MINEXTENTS 1 MAXEXTENTS 2147483645
  PCTINCREASE 0 FREELISTS 1 FREELIST GROUPS 1 BUFFER_POOL DEFAULT FLASH_CACHE DEFAULT CELL_FLASH_CACHE DEFAULT)
  TABLESPACE "SYSTEM" ;
--------------------------------------------------------
--  DDL for Table PEMESANAN
--------------------------------------------------------

  CREATE TABLE "PANDAWA"."PEMESANAN" 
   (	"ID_PEMESANAN" NUMBER(*,0), 
	"TANGGAL_PEMESANAN" DATE, 
	"TANGGA_MULAI_SEWA" DATE, 
	"TANGGAL_AKHIR_SEWA" DATE, 
	"TOTAL" NUMBER(*,0), 
	"STATUS_PEMESANAN" VARCHAR2(50 CHAR), 
	"PELANGGAN_ID_PELANGGAN" NUMBER(*,0), 
	"KARYAWAN_ID_KARYAWAN" NUMBER(*,0), 
	"KENDARAAN_ID_KENDARAAN" NUMBER(*,0)
   ) SEGMENT CREATION IMMEDIATE 
  PCTFREE 10 PCTUSED 40 INITRANS 1 MAXTRANS 255 NOCOMPRESS LOGGING
  STORAGE(INITIAL 65536 NEXT 1048576 MINEXTENTS 1 MAXEXTENTS 2147483645
  PCTINCREASE 0 FREELISTS 1 FREELIST GROUPS 1 BUFFER_POOL DEFAULT FLASH_CACHE DEFAULT CELL_FLASH_CACHE DEFAULT)
  TABLESPACE "SYSTEM" ;
REM INSERTING into PANDAWA.KARYAWAN
SET DEFINE OFF;
Insert into PANDAWA.KARYAWAN (ID_KARYAWAN,NAMA_BELAKANG,ALAMAT,NOMOR_TELEPON,GAJI,JABATAN) values (1,'Smith','Jl. Merdeka No. 123',123456789,5000000,'Manager');
Insert into PANDAWA.KARYAWAN (ID_KARYAWAN,NAMA_BELAKANG,ALAMAT,NOMOR_TELEPON,GAJI,JABATAN) values (2,'Johnson','Jl. Jenderal Sudirman No. 456',987654321,3500000,'Staff');
Insert into PANDAWA.KARYAWAN (ID_KARYAWAN,NAMA_BELAKANG,ALAMAT,NOMOR_TELEPON,GAJI,JABATAN) values (3,'Williams','Jl. Gatot Subroto No. 789',555444333,3000000,'Staff');
REM INSERTING into PANDAWA.KATALOG_KENDARAAN
SET DEFINE OFF;
Insert into PANDAWA.KATALOG_KENDARAAN (ID_KATEGORI,NAMA_KATEGORI,TIPE_KATEGORI,STATUS_KETERSEDIAAN) values (1,'Mobil','Sedan','Tersedia');
Insert into PANDAWA.KATALOG_KENDARAAN (ID_KATEGORI,NAMA_KATEGORI,TIPE_KATEGORI,STATUS_KETERSEDIAAN) values (2,'Motor','Sport','Tidak Tersedia');
REM INSERTING into PANDAWA.KENDARAAN
SET DEFINE OFF;
Insert into PANDAWA.KENDARAAN (ID_KENDARAAN,NAMA_KENDARAAN,NOPOL,TIPE_KENDARAAN,HARGA,STATUS,KATALOG_KENDARAAN_ID_KATEGORI) values (1,'Toyota Avanza','B 1234 ABC','MPV',200000000,'Tersedia',1);
Insert into PANDAWA.KENDARAAN (ID_KENDARAAN,NAMA_KENDARAAN,NOPOL,TIPE_KENDARAAN,HARGA,STATUS,KATALOG_KENDARAAN_ID_KATEGORI) values (2,'Honda Beat','B 5678 DEF','Skuter',15000000,'Tidak Tersedia',2);
REM INSERTING into PANDAWA.MEMBERSHIP
SET DEFINE OFF;
Insert into PANDAWA.MEMBERSHIP (ID_MEMBERSHIP,JENIS_MEMBERSHIP,POINT_MEMEBERSHIP) values (1,'Premium',100);
Insert into PANDAWA.MEMBERSHIP (ID_MEMBERSHIP,JENIS_MEMBERSHIP,POINT_MEMEBERSHIP) values (2,'Gold',50);
REM INSERTING into PANDAWA.PELANGGAN
SET DEFINE OFF;
Insert into PANDAWA.PELANGGAN (ID_PELANGGAN,NAMA_DEPAN,NAMA_BELAKANG,ALAMAT,NOMOR_TELEPON,EMAIL,MEMBERSHIP_ID_MEMBERSHIP) values (1,'John','Doe','Jl. Pahlawan No. 10',111222333,'john.doe@example.com',1);
Insert into PANDAWA.PELANGGAN (ID_PELANGGAN,NAMA_DEPAN,NAMA_BELAKANG,ALAMAT,NOMOR_TELEPON,EMAIL,MEMBERSHIP_ID_MEMBERSHIP) values (2,'Jane','Smith','Jl. Diponegoro No. 20',444555666,'jane.smith@example.com',2);
REM INSERTING into PANDAWA.PEMBAYARAN
SET DEFINE OFF;
REM INSERTING into PANDAWA.PEMESANAN
SET DEFINE OFF;
Insert into PANDAWA.PEMESANAN (ID_PEMESANAN,TANGGAL_PEMESANAN,TANGGA_MULAI_SEWA,TANGGAL_AKHIR_SEWA,TOTAL,STATUS_PEMESANAN,PELANGGAN_ID_PELANGGAN,KARYAWAN_ID_KARYAWAN,KENDARAAN_ID_KENDARAAN) values (1,to_date('23-MAY-24','DD-MON-RR'),to_date('25-MAY-24','DD-MON-RR'),to_date('05-JUN-24','DD-MON-RR'),2500000,'Aktif',1,1,1);
Insert into PANDAWA.PEMESANAN (ID_PEMESANAN,TANGGAL_PEMESANAN,TANGGA_MULAI_SEWA,TANGGAL_AKHIR_SEWA,TOTAL,STATUS_PEMESANAN,PELANGGAN_ID_PELANGGAN,KARYAWAN_ID_KARYAWAN,KENDARAAN_ID_KENDARAAN) values (2,to_date('23-MAY-24','DD-MON-RR'),to_date('01-JUN-24','DD-MON-RR'),to_date('10-JUN-24','DD-MON-RR'),500000,'Aktif',2,1,2);
--------------------------------------------------------
--  DDL for Index KARYAWAN_PK
--------------------------------------------------------

  CREATE UNIQUE INDEX "PANDAWA"."KARYAWAN_PK" ON "PANDAWA"."KARYAWAN" ("ID_KARYAWAN") 
  PCTFREE 10 INITRANS 2 MAXTRANS 255 COMPUTE STATISTICS 
  STORAGE(INITIAL 65536 NEXT 1048576 MINEXTENTS 1 MAXEXTENTS 2147483645
  PCTINCREASE 0 FREELISTS 1 FREELIST GROUPS 1 BUFFER_POOL DEFAULT FLASH_CACHE DEFAULT CELL_FLASH_CACHE DEFAULT)
  TABLESPACE "SYSTEM" ;
--------------------------------------------------------
--  DDL for Index KATALOG_KENDARAAN_PK
--------------------------------------------------------

  CREATE UNIQUE INDEX "PANDAWA"."KATALOG_KENDARAAN_PK" ON "PANDAWA"."KATALOG_KENDARAAN" ("ID_KATEGORI") 
  PCTFREE 10 INITRANS 2 MAXTRANS 255 COMPUTE STATISTICS 
  STORAGE(INITIAL 65536 NEXT 1048576 MINEXTENTS 1 MAXEXTENTS 2147483645
  PCTINCREASE 0 FREELISTS 1 FREELIST GROUPS 1 BUFFER_POOL DEFAULT FLASH_CACHE DEFAULT CELL_FLASH_CACHE DEFAULT)
  TABLESPACE "SYSTEM" ;
--------------------------------------------------------
--  DDL for Index KENDARAAN_PK
--------------------------------------------------------

  CREATE UNIQUE INDEX "PANDAWA"."KENDARAAN_PK" ON "PANDAWA"."KENDARAAN" ("ID_KENDARAAN") 
  PCTFREE 10 INITRANS 2 MAXTRANS 255 COMPUTE STATISTICS 
  STORAGE(INITIAL 65536 NEXT 1048576 MINEXTENTS 1 MAXEXTENTS 2147483645
  PCTINCREASE 0 FREELISTS 1 FREELIST GROUPS 1 BUFFER_POOL DEFAULT FLASH_CACHE DEFAULT CELL_FLASH_CACHE DEFAULT)
  TABLESPACE "SYSTEM" ;
--------------------------------------------------------
--  DDL for Index MEMBERSHIP_PK
--------------------------------------------------------

  CREATE UNIQUE INDEX "PANDAWA"."MEMBERSHIP_PK" ON "PANDAWA"."MEMBERSHIP" ("ID_MEMBERSHIP") 
  PCTFREE 10 INITRANS 2 MAXTRANS 255 COMPUTE STATISTICS 
  STORAGE(INITIAL 65536 NEXT 1048576 MINEXTENTS 1 MAXEXTENTS 2147483645
  PCTINCREASE 0 FREELISTS 1 FREELIST GROUPS 1 BUFFER_POOL DEFAULT FLASH_CACHE DEFAULT CELL_FLASH_CACHE DEFAULT)
  TABLESPACE "SYSTEM" ;
--------------------------------------------------------
--  DDL for Index PELANGGAN_PK
--------------------------------------------------------

  CREATE UNIQUE INDEX "PANDAWA"."PELANGGAN_PK" ON "PANDAWA"."PELANGGAN" ("ID_PELANGGAN") 
  PCTFREE 10 INITRANS 2 MAXTRANS 255 COMPUTE STATISTICS 
  STORAGE(INITIAL 65536 NEXT 1048576 MINEXTENTS 1 MAXEXTENTS 2147483645
  PCTINCREASE 0 FREELISTS 1 FREELIST GROUPS 1 BUFFER_POOL DEFAULT FLASH_CACHE DEFAULT CELL_FLASH_CACHE DEFAULT)
  TABLESPACE "SYSTEM" ;
--------------------------------------------------------
--  DDL for Index PEMBAYARAN_PK
--------------------------------------------------------

  CREATE UNIQUE INDEX "PANDAWA"."PEMBAYARAN_PK" ON "PANDAWA"."PEMBAYARAN" ("ID_PEMBAYARAN") 
  PCTFREE 10 INITRANS 2 MAXTRANS 255 COMPUTE STATISTICS 
  STORAGE(INITIAL 65536 NEXT 1048576 MINEXTENTS 1 MAXEXTENTS 2147483645
  PCTINCREASE 0 FREELISTS 1 FREELIST GROUPS 1 BUFFER_POOL DEFAULT FLASH_CACHE DEFAULT CELL_FLASH_CACHE DEFAULT)
  TABLESPACE "SYSTEM" ;
--------------------------------------------------------
--  DDL for Index PEMESANAN_ID_PELANGGAN_UN
--------------------------------------------------------

  CREATE UNIQUE INDEX "PANDAWA"."PEMESANAN_ID_PELANGGAN_UN" ON "PANDAWA"."PEMESANAN" ("PELANGGAN_ID_PELANGGAN") 
  PCTFREE 10 INITRANS 2 MAXTRANS 255 COMPUTE STATISTICS 
  STORAGE(INITIAL 65536 NEXT 1048576 MINEXTENTS 1 MAXEXTENTS 2147483645
  PCTINCREASE 0 FREELISTS 1 FREELIST GROUPS 1 BUFFER_POOL DEFAULT FLASH_CACHE DEFAULT CELL_FLASH_CACHE DEFAULT)
  TABLESPACE "SYSTEM" ;
--------------------------------------------------------
--  DDL for Index PEMESANAN_PK
--------------------------------------------------------

  CREATE UNIQUE INDEX "PANDAWA"."PEMESANAN_PK" ON "PANDAWA"."PEMESANAN" ("ID_PEMESANAN") 
  PCTFREE 10 INITRANS 2 MAXTRANS 255 COMPUTE STATISTICS 
  STORAGE(INITIAL 65536 NEXT 1048576 MINEXTENTS 1 MAXEXTENTS 2147483645
  PCTINCREASE 0 FREELISTS 1 FREELIST GROUPS 1 BUFFER_POOL DEFAULT FLASH_CACHE DEFAULT CELL_FLASH_CACHE DEFAULT)
  TABLESPACE "SYSTEM" ;
--------------------------------------------------------
--  DDL for Index PELANGGAN__IDX
--------------------------------------------------------

  CREATE UNIQUE INDEX "PANDAWA"."PELANGGAN__IDX" ON "PANDAWA"."PELANGGAN" ("MEMBERSHIP_ID_MEMBERSHIP") 
  PCTFREE 10 INITRANS 2 MAXTRANS 255 COMPUTE STATISTICS 
  STORAGE(INITIAL 65536 NEXT 1048576 MINEXTENTS 1 MAXEXTENTS 2147483645
  PCTINCREASE 0 FREELISTS 1 FREELIST GROUPS 1 BUFFER_POOL DEFAULT FLASH_CACHE DEFAULT CELL_FLASH_CACHE DEFAULT)
  TABLESPACE "SYSTEM" ;
--------------------------------------------------------
--  DDL for Index PEMBAYARAN__IDX
--------------------------------------------------------

  CREATE UNIQUE INDEX "PANDAWA"."PEMBAYARAN__IDX" ON "PANDAWA"."PEMBAYARAN" ("PEMESANAN_ID_PEMESANAN") 
  PCTFREE 10 INITRANS 2 MAXTRANS 255 COMPUTE STATISTICS 
  STORAGE(INITIAL 65536 NEXT 1048576 MINEXTENTS 1 MAXEXTENTS 2147483645
  PCTINCREASE 0 FREELISTS 1 FREELIST GROUPS 1 BUFFER_POOL DEFAULT FLASH_CACHE DEFAULT CELL_FLASH_CACHE DEFAULT)
  TABLESPACE "SYSTEM" ;
--------------------------------------------------------
--  Constraints for Table PEMBAYARAN
--------------------------------------------------------

  ALTER TABLE "PANDAWA"."PEMBAYARAN" ADD CONSTRAINT "PEMBAYARAN_PK" PRIMARY KEY ("ID_PEMBAYARAN")
  USING INDEX PCTFREE 10 INITRANS 2 MAXTRANS 255 COMPUTE STATISTICS 
  STORAGE(INITIAL 65536 NEXT 1048576 MINEXTENTS 1 MAXEXTENTS 2147483645
  PCTINCREASE 0 FREELISTS 1 FREELIST GROUPS 1 BUFFER_POOL DEFAULT FLASH_CACHE DEFAULT CELL_FLASH_CACHE DEFAULT)
  TABLESPACE "SYSTEM"  ENABLE;
  ALTER TABLE "PANDAWA"."PEMBAYARAN" MODIFY ("PEMESANAN_ID_PEMESANAN" NOT NULL ENABLE);
  ALTER TABLE "PANDAWA"."PEMBAYARAN" MODIFY ("JUMLAH_PEMBAYARAN" NOT NULL ENABLE);
  ALTER TABLE "PANDAWA"."PEMBAYARAN" MODIFY ("TANGGAL_PEMBAYARAN" NOT NULL ENABLE);
  ALTER TABLE "PANDAWA"."PEMBAYARAN" MODIFY ("METODE_PEMBAYARAN" NOT NULL ENABLE);
  ALTER TABLE "PANDAWA"."PEMBAYARAN" MODIFY ("ID_PEMBAYARAN" NOT NULL ENABLE);
--------------------------------------------------------
--  Constraints for Table MEMBERSHIP
--------------------------------------------------------

  ALTER TABLE "PANDAWA"."MEMBERSHIP" ADD CONSTRAINT "MEMBERSHIP_PK" PRIMARY KEY ("ID_MEMBERSHIP")
  USING INDEX PCTFREE 10 INITRANS 2 MAXTRANS 255 COMPUTE STATISTICS 
  STORAGE(INITIAL 65536 NEXT 1048576 MINEXTENTS 1 MAXEXTENTS 2147483645
  PCTINCREASE 0 FREELISTS 1 FREELIST GROUPS 1 BUFFER_POOL DEFAULT FLASH_CACHE DEFAULT CELL_FLASH_CACHE DEFAULT)
  TABLESPACE "SYSTEM"  ENABLE;
  ALTER TABLE "PANDAWA"."MEMBERSHIP" MODIFY ("JENIS_MEMBERSHIP" NOT NULL ENABLE);
  ALTER TABLE "PANDAWA"."MEMBERSHIP" MODIFY ("ID_MEMBERSHIP" NOT NULL ENABLE);
--------------------------------------------------------
--  Constraints for Table PELANGGAN
--------------------------------------------------------

  ALTER TABLE "PANDAWA"."PELANGGAN" ADD CONSTRAINT "PELANGGAN_PK" PRIMARY KEY ("ID_PELANGGAN")
  USING INDEX PCTFREE 10 INITRANS 2 MAXTRANS 255 COMPUTE STATISTICS 
  STORAGE(INITIAL 65536 NEXT 1048576 MINEXTENTS 1 MAXEXTENTS 2147483645
  PCTINCREASE 0 FREELISTS 1 FREELIST GROUPS 1 BUFFER_POOL DEFAULT FLASH_CACHE DEFAULT CELL_FLASH_CACHE DEFAULT)
  TABLESPACE "SYSTEM"  ENABLE;
  ALTER TABLE "PANDAWA"."PELANGGAN" MODIFY ("MEMBERSHIP_ID_MEMBERSHIP" NOT NULL ENABLE);
  ALTER TABLE "PANDAWA"."PELANGGAN" MODIFY ("EMAIL" NOT NULL ENABLE);
  ALTER TABLE "PANDAWA"."PELANGGAN" MODIFY ("NOMOR_TELEPON" NOT NULL ENABLE);
  ALTER TABLE "PANDAWA"."PELANGGAN" MODIFY ("ALAMAT" NOT NULL ENABLE);
  ALTER TABLE "PANDAWA"."PELANGGAN" MODIFY ("NAMA_DEPAN" NOT NULL ENABLE);
  ALTER TABLE "PANDAWA"."PELANGGAN" MODIFY ("ID_PELANGGAN" NOT NULL ENABLE);
--------------------------------------------------------
--  Constraints for Table KARYAWAN
--------------------------------------------------------

  ALTER TABLE "PANDAWA"."KARYAWAN" ADD CONSTRAINT "KARYAWAN_PK" PRIMARY KEY ("ID_KARYAWAN")
  USING INDEX PCTFREE 10 INITRANS 2 MAXTRANS 255 COMPUTE STATISTICS 
  STORAGE(INITIAL 65536 NEXT 1048576 MINEXTENTS 1 MAXEXTENTS 2147483645
  PCTINCREASE 0 FREELISTS 1 FREELIST GROUPS 1 BUFFER_POOL DEFAULT FLASH_CACHE DEFAULT CELL_FLASH_CACHE DEFAULT)
  TABLESPACE "SYSTEM"  ENABLE;
  ALTER TABLE "PANDAWA"."KARYAWAN" MODIFY ("JABATAN" NOT NULL ENABLE);
  ALTER TABLE "PANDAWA"."KARYAWAN" MODIFY ("GAJI" NOT NULL ENABLE);
  ALTER TABLE "PANDAWA"."KARYAWAN" MODIFY ("NOMOR_TELEPON" NOT NULL ENABLE);
  ALTER TABLE "PANDAWA"."KARYAWAN" MODIFY ("ALAMAT" NOT NULL ENABLE);
  ALTER TABLE "PANDAWA"."KARYAWAN" MODIFY ("NAMA_BELAKANG" NOT NULL ENABLE);
  ALTER TABLE "PANDAWA"."KARYAWAN" MODIFY ("ID_KARYAWAN" NOT NULL ENABLE);
--------------------------------------------------------
--  Constraints for Table KENDARAAN
--------------------------------------------------------

  ALTER TABLE "PANDAWA"."KENDARAAN" ADD CONSTRAINT "KENDARAAN_PK" PRIMARY KEY ("ID_KENDARAAN")
  USING INDEX PCTFREE 10 INITRANS 2 MAXTRANS 255 COMPUTE STATISTICS 
  STORAGE(INITIAL 65536 NEXT 1048576 MINEXTENTS 1 MAXEXTENTS 2147483645
  PCTINCREASE 0 FREELISTS 1 FREELIST GROUPS 1 BUFFER_POOL DEFAULT FLASH_CACHE DEFAULT CELL_FLASH_CACHE DEFAULT)
  TABLESPACE "SYSTEM"  ENABLE;
  ALTER TABLE "PANDAWA"."KENDARAAN" MODIFY ("KATALOG_KENDARAAN_ID_KATEGORI" NOT NULL ENABLE);
  ALTER TABLE "PANDAWA"."KENDARAAN" MODIFY ("STATUS" NOT NULL ENABLE);
  ALTER TABLE "PANDAWA"."KENDARAAN" MODIFY ("HARGA" NOT NULL ENABLE);
  ALTER TABLE "PANDAWA"."KENDARAAN" MODIFY ("TIPE_KENDARAAN" NOT NULL ENABLE);
  ALTER TABLE "PANDAWA"."KENDARAAN" MODIFY ("NOPOL" NOT NULL ENABLE);
  ALTER TABLE "PANDAWA"."KENDARAAN" MODIFY ("NAMA_KENDARAAN" NOT NULL ENABLE);
  ALTER TABLE "PANDAWA"."KENDARAAN" MODIFY ("ID_KENDARAAN" NOT NULL ENABLE);
--------------------------------------------------------
--  Constraints for Table PEMESANAN
--------------------------------------------------------

  ALTER TABLE "PANDAWA"."PEMESANAN" ADD CONSTRAINT "PEMESANAN_ID_PELANGGAN_UN" UNIQUE ("PELANGGAN_ID_PELANGGAN")
  USING INDEX PCTFREE 10 INITRANS 2 MAXTRANS 255 COMPUTE STATISTICS 
  STORAGE(INITIAL 65536 NEXT 1048576 MINEXTENTS 1 MAXEXTENTS 2147483645
  PCTINCREASE 0 FREELISTS 1 FREELIST GROUPS 1 BUFFER_POOL DEFAULT FLASH_CACHE DEFAULT CELL_FLASH_CACHE DEFAULT)
  TABLESPACE "SYSTEM"  ENABLE;
  ALTER TABLE "PANDAWA"."PEMESANAN" ADD CONSTRAINT "PEMESANAN_PK" PRIMARY KEY ("ID_PEMESANAN")
  USING INDEX PCTFREE 10 INITRANS 2 MAXTRANS 255 COMPUTE STATISTICS 
  STORAGE(INITIAL 65536 NEXT 1048576 MINEXTENTS 1 MAXEXTENTS 2147483645
  PCTINCREASE 0 FREELISTS 1 FREELIST GROUPS 1 BUFFER_POOL DEFAULT FLASH_CACHE DEFAULT CELL_FLASH_CACHE DEFAULT)
  TABLESPACE "SYSTEM"  ENABLE;
  ALTER TABLE "PANDAWA"."PEMESANAN" MODIFY ("KENDARAAN_ID_KENDARAAN" NOT NULL ENABLE);
  ALTER TABLE "PANDAWA"."PEMESANAN" MODIFY ("KARYAWAN_ID_KARYAWAN" NOT NULL ENABLE);
  ALTER TABLE "PANDAWA"."PEMESANAN" MODIFY ("PELANGGAN_ID_PELANGGAN" NOT NULL ENABLE);
  ALTER TABLE "PANDAWA"."PEMESANAN" MODIFY ("STATUS_PEMESANAN" NOT NULL ENABLE);
  ALTER TABLE "PANDAWA"."PEMESANAN" MODIFY ("TOTAL" NOT NULL ENABLE);
  ALTER TABLE "PANDAWA"."PEMESANAN" MODIFY ("TANGGAL_AKHIR_SEWA" NOT NULL ENABLE);
  ALTER TABLE "PANDAWA"."PEMESANAN" MODIFY ("TANGGA_MULAI_SEWA" NOT NULL ENABLE);
  ALTER TABLE "PANDAWA"."PEMESANAN" MODIFY ("TANGGAL_PEMESANAN" NOT NULL ENABLE);
  ALTER TABLE "PANDAWA"."PEMESANAN" MODIFY ("ID_PEMESANAN" NOT NULL ENABLE);
--------------------------------------------------------
--  Constraints for Table KATALOG_KENDARAAN
--------------------------------------------------------

  ALTER TABLE "PANDAWA"."KATALOG_KENDARAAN" ADD CONSTRAINT "KATALOG_KENDARAAN_PK" PRIMARY KEY ("ID_KATEGORI")
  USING INDEX PCTFREE 10 INITRANS 2 MAXTRANS 255 COMPUTE STATISTICS 
  STORAGE(INITIAL 65536 NEXT 1048576 MINEXTENTS 1 MAXEXTENTS 2147483645
  PCTINCREASE 0 FREELISTS 1 FREELIST GROUPS 1 BUFFER_POOL DEFAULT FLASH_CACHE DEFAULT CELL_FLASH_CACHE DEFAULT)
  TABLESPACE "SYSTEM"  ENABLE;
  ALTER TABLE "PANDAWA"."KATALOG_KENDARAAN" MODIFY ("TIPE_KATEGORI" NOT NULL ENABLE);
  ALTER TABLE "PANDAWA"."KATALOG_KENDARAAN" MODIFY ("NAMA_KATEGORI" NOT NULL ENABLE);
  ALTER TABLE "PANDAWA"."KATALOG_KENDARAAN" MODIFY ("ID_KATEGORI" NOT NULL ENABLE);
--------------------------------------------------------
--  Ref Constraints for Table KENDARAAN
--------------------------------------------------------

  ALTER TABLE "PANDAWA"."KENDARAAN" ADD CONSTRAINT "KENDARAAN_KATALOG_KENDARAAN_FK" FOREIGN KEY ("KATALOG_KENDARAAN_ID_KATEGORI")
	  REFERENCES "PANDAWA"."KATALOG_KENDARAAN" ("ID_KATEGORI") ENABLE;
--------------------------------------------------------
--  Ref Constraints for Table PELANGGAN
--------------------------------------------------------

  ALTER TABLE "PANDAWA"."PELANGGAN" ADD CONSTRAINT "PELANGGAN_MEMBERSHIP_FK" FOREIGN KEY ("MEMBERSHIP_ID_MEMBERSHIP")
	  REFERENCES "PANDAWA"."MEMBERSHIP" ("ID_MEMBERSHIP") ENABLE;
--------------------------------------------------------
--  Ref Constraints for Table PEMBAYARAN
--------------------------------------------------------

  ALTER TABLE "PANDAWA"."PEMBAYARAN" ADD CONSTRAINT "PEMBAYARAN_PEMESANAN_FK" FOREIGN KEY ("PEMESANAN_ID_PEMESANAN")
	  REFERENCES "PANDAWA"."PEMESANAN" ("ID_PEMESANAN") ENABLE;
--------------------------------------------------------
--  Ref Constraints for Table PEMESANAN
--------------------------------------------------------

  ALTER TABLE "PANDAWA"."PEMESANAN" ADD CONSTRAINT "PEMESANAN_KARYAWAN_FK" FOREIGN KEY ("KARYAWAN_ID_KARYAWAN")
	  REFERENCES "PANDAWA"."KARYAWAN" ("ID_KARYAWAN") ENABLE;
  ALTER TABLE "PANDAWA"."PEMESANAN" ADD CONSTRAINT "PEMESANAN_KENDARAAN_FK" FOREIGN KEY ("KENDARAAN_ID_KENDARAAN")
	  REFERENCES "PANDAWA"."KENDARAAN" ("ID_KENDARAAN") ENABLE;
  ALTER TABLE "PANDAWA"."PEMESANAN" ADD CONSTRAINT "PEMESANAN_PELANGGAN_FK" FOREIGN KEY ("PELANGGAN_ID_PELANGGAN")
	  REFERENCES "PANDAWA"."PELANGGAN" ("ID_PELANGGAN") ENABLE;
